INSERT INTO CUSTOMER (LastName, FirstName,CustomerId ,PhoneNumber )
VALUES ('DAN', 'DANNA', 1111111111, 0525412365);
INSERT INTO CUSTOMER (LastName, FirstName,CustomerId ,PhoneNumber )
VALUES ('RUBIN', 'TAL', 3052111111, 0555413265);
INSERT INTO CUSTOMER (LastName, FirstName,CustomerId ,PhoneNumber )
VALUES ('MAN', 'NANNA', 2211111111, 0525418365);
INSERT INTO CUSTOMER (LastName, FirstName,CustomerId ,PhoneNumber )
VALUES ('Cohen', 'DAN', 1111111133, 0525411365);
INSERT INTO CUSTOMER (LastName, FirstName,CustomerId ,PhoneNumber )
VALUES ('DANIEL', 'NOAM', 1852111111, 0555412365);
INSERT INTO CUSTOMER (LastName, FirstName,CustomerId ,PhoneNumber )
VALUES ('LEVY', 'NOAM', 2152111111, 0585412365);
INSERT INTO CUSTOMER (LastName, FirstName,CustomerId ,PhoneNumber )
VALUES ('MILSTEIN', 'ITAMAR', 1852888111, 0555412365);
INSERT INTO CUSTOMER (LastName, FirstName,CustomerId ,PhoneNumber )
VALUES ('TAMAR', 'YONI', 1852111611, 0555412365);
INSERT INTO CUSTOMER (LastName, FirstName,CustomerId ,PhoneNumber )
VALUES ('GROS', 'DANIEL', 2072111111, 0522212365);
INSERT INTO CUSTOMER (LastName, FirstName,CustomerId ,PhoneNumber )
VALUES ('OREN', 'YAEL', 319727433, 0525412363);

INSERT INTO DRIVER VALUES (123456789, 102,0566666363);
INSERT INTO DRIVER VALUES (987654321, 103,0566116363);
INSERT INTO DRIVER VALUES (202123654, 302,0566660063);
INSERT INTO DRIVER VALUES (002574136, 002,0566666301);
INSERT INTO DRIVER VALUES (789522221, 152,0566666310);
INSERT INTO DRIVER VALUES (326514141, 632,0566666399);
INSERT INTO DRIVER VALUES (211111111, 202,0599999363);
INSERT INTO DRIVER VALUES (300002155, 182,0566444363);
INSERT INTO DRIVER VALUES (254122541, 802,0565566363);
INSERT INTO DRIVER VALUES (952231242, 133,0567766363);

INSERT INTO Stops(Addresss, Stopid)
VALUES ('JerusalemBenGurion15', 9988);
INSERT INTO Stops VALUES ('TELAVIVMENACHEMBEGIN6', 1221);
INSERT INTO Stops VALUES ('TEL_AVIV_AFEK_2', 5555);
INSERT INTO Stops VALUES ('Jerusalem_Ben_Gurion_8', 7895);
INSERT INTO Stops VALUES ('HAIFA_PIKA_33', 7759);
INSERT INTO Stops VALUES ('HAIFA_Ben_Gurion_15', 1001);
INSERT INTO Stops VALUES ('Jerusalem_PIKA_15', 2002);
INSERT INTO Stops VALUES ('TEL_AVIV_Ben_Gurion_78', 3333);
INSERT INTO Stops VALUES ('JerusalemMENACHEMBEGIN_1', 7878);
INSERT INTO Stops VALUES ('YAFO_Ben_Gurion_33', 9632);

INSERT INTO TRANSPORT VALUES (12548745, 60, 123456789);
INSERT INTO TRANSPORT VALUES (12548765, 60, 987654321);
INSERT INTO TRANSPORT VALUES (12548645, 60, 202123654);
INSERT INTO TRANSPORT VALUES (12546745, 60, 002574136);
INSERT INTO TRANSPORT VALUES (12568745, 60, 789522221);
INSERT INTO TRANSPORT VALUES (12648745, 60, 326514141);
INSERT INTO TRANSPORT VALUES (16548745, 60, 211111111);
INSERT INTO TRANSPORT VALUES (62548745, 60, 300002155);
INSERT INTO TRANSPORT VALUES (12548746, 60, 254122541);
INSERT INTO TRANSPORT VALUES (12548655, 60, 952231242);

INSERT INTO ORDERS VALUES (0001, to_date('2020-03-03', 'yyyy-mm-dd') , 500, 12, 'RAMAT_GAN',  1111111111);
INSERT INTO ORDERS VALUES (0002, to_date('2020-06-03', 'yyyy-mm-dd') , 1500,70, 'HAIFA', 3052111111);
INSERT INTO ORDERS VALUES (0003, to_date('2021-03-07', 'yyyy-mm-dd') , 2500,58, 'JERUSALEM',  2211111111);
INSERT INTO ORDERS VALUES (0004, to_date('2021-05-03', 'yyyy-mm-dd') , 900, 60,'HAIFA', 1111111133);
INSERT INTO ORDERS VALUES (0005, to_date('2021-06-03', 'yyyy-mm-dd') , 1500, 100,'RAMAT_GAN',  1852111111);
INSERT INTO ORDERS VALUES (0006, to_date('2021-09-11', 'yyyy-mm-dd') , 600, 24,'YAFO',  2152111111);
INSERT INTO ORDERS VALUES (0007, to_date('2021-08-08', 'yyyy-mm-dd') , 700, 35,'RAMAT_GAN',  1852888111);
INSERT INTO ORDERS VALUES (0008, to_date('2021-10-05', 'yyyy-mm-dd') , 1200, 80,'HAIFA',  1852111611);
INSERT INTO ORDERS VALUES (0009, to_date('2021-07-10', 'yyyy-mm-dd') , 900, 55, 'JERUSALEM',2072111111);
INSERT INTO ORDERS VALUES (0010, to_date('2021-11-12', 'yyyy-mm-dd') , 800, 60,'YAFO', 319727433);

INSERT INTO specialtransport VALUES (12548745, 30);
INSERT INTO specialtransport VALUES (12548765, 14);
INSERT INTO specialtransport VALUES (12548645, 22);
INSERT INTO specialtransport VALUES (12546745, 20);
INSERT INTO specialtransport VALUES (12568745, 01);

INSERT INTO generaltransport VALUES (12648745);
INSERT INTO generaltransport VALUES (16548745);
INSERT INTO generaltransport VALUES (62548745);
INSERT INTO generaltransport VALUES (12548746);
INSERT INTO generaltransport VALUES (12548655);

INSERT INTO OrderRide VALUES (12548745, 0005);
INSERT INTO OrderRide VALUES (12548745, 0001);
INSERT INTO OrderRide VALUES (12548765, 0005);
INSERT INTO OrderRide VALUES (12548765, 0008);
INSERT INTO OrderRide VALUES (12548645, 0008);
INSERT INTO OrderRide VALUES (12548645, 0002);
INSERT INTO OrderRide VALUES (12546745, 0002);
INSERT INTO OrderRide VALUES (12546745, 0010);
INSERT INTO OrderRide VALUES (12568745, 0009);
INSERT INTO OrderRide VALUES (12568745, 0003);

INSERT INTO Order_Destination VALUES ('Jerusalem_Ben_Gurion_15', 0001 );
INSERT INTO Order_Destination VALUES ('TEL_AVIV_MENACHEM_BEGIN_6' , 0005);
INSERT INTO Order_Destination VALUES ('TEL_AVIV_AFEK_2' ,0005);
INSERT INTO Order_Destination VALUES ('Jerusalem_Ben_Gurion_8' ,0005);
INSERT INTO Order_Destination VALUES ('HAIFA_PIKA_33' , 0003);
INSERT INTO Order_Destination VALUES ('HAIFA_Ben_Gurion_15' , 0004);
INSERT INTO Order_Destination VALUES ('Jerusalem_PIKA_15' , 0004);
INSERT INTO Order_Destination VALUES ('TEL_AVIV_Ben_Gurion_78' , 0010);
INSERT INTO Order_Destination VALUES ('Jerusalem_MENA_BEGIN_1' ,0009);
INSERT INTO Order_Destination VALUES ('YAFO_Ben_Gurion_33' , 0009);

INSERT INTO StopsAT VALUES (9988, 12648745);
INSERT INTO StopsAT VALUES (1221, 12648745);
INSERT INTO StopsAT VALUES (1001, 16548745);
INSERT INTO StopsAT VALUES (1001, 12548746);
INSERT INTO StopsAT VALUES (7759, 12548746);
INSERT INTO StopsAT VALUES (9988, 12548746);
INSERT INTO StopsAT VALUES (9988, 62548745);
INSERT INTO StopsAT VALUES (7895, 62548745);
INSERT INTO StopsAT VALUES (7895, 16548745);
INSERT INTO StopsAT VALUES (5555, 12648745);
commit;












